Type,Name,Request Count,Failure Count,Median Response Time,Average Response Time,Min Response Time,Max Response Time,Average Content Size,Requests/s,Failures/s,50%,66%,75%,80%,90%,95%,98%,99%,99.9%,99.99%,100%
GET,1. /api/problems,349,0,3400.0,3277.1456051576233,45.75050000130432,8741.86009999903,305.0,5.9800385120612205,0.0,3400,3800,4100,4300,4800,5100,5900,7400,8700,8700,8700
POST,2. /api/submit,197,1,1900.0,2201.611132995019,271.4120000018738,7353.916500000196,314.8071065989848,3.3755518248597722,0.017134780836851635,1900,2100,2300,2700,4000,5100,5100,6100,7400,7400,7400
GET,3. /api/leaderboard,36,0,2000.0,2384.05221944423,44.96790000121109,8917.359099999885,12506.222222222223,0.6168521101266589,0.0,2000,2100,2500,3400,4200,6400,8900,8900,8900,8900,8900
,Aggregated,582,1,2300.0,2857.847232474268,44.96790000121109,8917.359099999885,1063.0343642611683,9.972442447047651,0.017134780836851635,2300,3500,3800,4000,4700,5100,5900,7400,8900,8900,8900
