Type,Name,Request Count,Failure Count,Median Response Time,Average Response Time,Min Response Time,Max Response Time,Average Content Size,Requests/s,Failures/s,50%,66%,75%,80%,90%,95%,98%,99%,99.9%,99.99%,100%
GET,1. /api/problems,553,0,2300.0,2521.1830345388107,8.58660000085365,6414.567100000568,305.0,9.422724131210009,0.0,2300,2900,3300,3500,4100,4600,5100,5500,6400,6400,6400
POST,2. /api/submit,260,3,1200.0,1356.596537307661,219.49550000135787,3722.8279000009934,313.4846153846154,4.430213877241595,0.05111785242971072,1200,1600,1700,1800,2200,2300,2400,3500,3700,3700,3700
GET,3. /api/leaderboard,45,0,1200.0,1185.146884444354,22.301499997411156,3708.59339999879,16652.844444444443,0.7667677864456607,0.0,1200,1400,1600,1700,2200,2200,3700,3700,3700,3700,3700
,Aggregated,858,3,1900.0,2098.2062093239515,8.58660000085365,6414.567100000568,1164.9755244755245,14.619705794897264,0.05111785242971072,1900,2300,2700,3100,3800,4400,4900,5300,6400,6400,6400
